01	01.jpg	02.jpg	Begin exactly at the first frame: the wide dusk view of the clinic facade with teal glass and the Sonrisa sign. Glide forward across the empty street toward the building, ending exactly at the second frame: a closer view of the facade with the Sonrisa sign overhead and the stone entrance volume.
02	02.jpg	03.jpg	Begin exactly at the first frame: the closer facade view under the Sonrisa sign. Advance toward the entrance corner, ending exactly at the second frame: the stone-clad entrance with its glass railing and the sign above.
03	03.jpg	04.jpg	Begin exactly at the first frame: the stone entrance corner under the Sonrisa sign. Advance and climb the entrance steps between the tropical plants, ending exactly at the second frame: the top of the stone steps beside the planter, facing the teal glass wall.
04	04.jpg	05.jpg	Begin exactly at the first frame: the top of the entrance steps by the plants. Move forward to the glass entrance door, ending exactly at the second frame: looking through the glass door into the white marble waiting lounge with grey sofas.
05	05.jpg	06.jpg	Begin exactly at the first frame: the view through the glass door into the lounge. Pass through the open door into the white marble waiting lounge, ending exactly at the second frame: inside the lounge among the grey and white sofas.
06	06.jpg	07.jpg	Begin exactly at the first frame: inside the marble lounge among the sofas. Turn gently across the room toward the interior corridor, ending exactly at the second frame: the lounge seen toward the green door, with the glowing Sonrisa sign visible down the corridor at the back.
07	07.jpg	08.jpg	Begin exactly at the first frame: the lounge with the glowing sign visible down the corridor. Advance past the sofas straight toward that glow, ending exactly at the second frame: the wooden reception desk under the illuminated Sonrisa logo with the white shelving of dental CAD/CAM ovens beside it.
08	08.jpg	09.jpg	Begin exactly at the first frame: the reception desk under the glowing logo. Turn into the warm wooden corridor, ending exactly at the second frame: the white display cabinet holding four milling machines, with a black-framed glass door at the left revealing the mustard operative hall.
09	09.jpg	10.jpg	Begin exactly at the first frame: the corridor with the display cabinet of milling machines. Glide toward the warm pink glow beyond, ending exactly at the second frame: the moss wall with the pink neon script sign above the row of amber velvet chairs.
10	10.jpg	11.jpg	Begin exactly at the first frame: the pink neon lounge with amber chairs. Move through the doorway beside the neon wall into the pink treatment room, ending exactly at the second frame: the pink room with its dental chair, TV and circular ceiling lamp.
11	11.jpg	12.jpg	Begin exactly at the first frame: the pink treatment room. Leave the room and ascend the dark wooden staircase to the upper floor, ending exactly at the second frame: looking down the stairwell from the top landing, with the wooden floor and green sofa beside it.
12	12.jpg	13.jpg	Begin exactly at the first frame: the top of the stairs on the upper floor. Turn away from the stairwell into the upper corridor, ending exactly at the second frame: the corridor with a black-framed glass door and warm wood-beam ceiling.
13	13.jpg	14.jpg	Begin exactly at the first frame: the upper corridor by the black-framed door. Advance along the corridor, ending exactly at the second frame: the row of green sofas under the wood-beam ceiling.
14	14.jpg	15.jpg	Begin exactly at the first frame: the corridor of green sofas. Continue forward into the sitting area, ending exactly at the second frame: the elegant lounge of upholstered armchairs around the coffee table with flowers by the tall window.
15	15.jpg	16.jpg	Begin exactly at the first frame: the armchair lounge by the window. Glide through the doorway into the treatment suite, ending exactly at the second frame: the entrance of the blue-lit treatment room with white marble walls.
16	16.jpg	17.jpg	Begin exactly at the first frame: the blue-lit suite entrance. Drift deeper into the room, ending exactly at the second frame: the white cabinetry and the blue dental chair by the wall.
17	17.jpg	18.jpg	Begin exactly at the first frame: the cabinetry and blue chair. Circle gently around the chair, ending exactly at the second frame: the full view of the blue treatment suite with the chair centered under the ceiling light.
18	18.jpg	19.jpg	Begin exactly at the first frame: the blue treatment suite. Leave the suite and glide toward the wooden desk area, ending exactly at the second frame: the wooden reception counter with the dark mirror door beside it.
19	19.jpg	20.jpg	Begin exactly at the first frame: the wooden counter with the mirror door. Move through the doorway into the operative hall, ending exactly at the second frame: the wide mustard-walled hall with a leafy patterned ceiling and rows of dental chairs.
20	20.jpg	21.jpg	Begin exactly at the first frame: the wide mustard hall. Glide slowly forward between the dental chairs, ending exactly at the second frame: the hall seen further in, chairs and white cabinets at both sides.
21	21.jpg	22.jpg	Begin exactly at the first frame: between the chairs of the mustard hall. Continue drifting forward past the mirrors, ending exactly at the second frame: the next stretch of the hall with its dental units in rows.
22	22.jpg	23.jpg	Begin exactly at the first frame: the mustard hall by the mirrors. Advance steadily along the room, ending exactly at the second frame: the hall seen toward the far wall with the glass partition at left.
23	23.jpg	24.jpg	Begin exactly at the first frame: the hall toward the far wall. Glide onward past the work stations, ending exactly at the second frame: the mustard hall with the mirror column at right reflecting the room.
24	24.jpg	25.jpg	Begin exactly at the first frame: the hall by the mirror column. Continue the slow travel between the chairs, ending exactly at the second frame: the operative hall seen from its middle, leafy ceiling above.
25	25.jpg	26.jpg	Begin exactly at the first frame: the middle of the operative hall. Drift toward the working area, ending exactly at the second frame: the hall with trays, carts and dental chairs close at right.
26	26.jpg	27.jpg	Begin exactly at the first frame: the working area of the hall. Move gently past the nearest dental unit, ending exactly at the second frame: the black dental chair seen close in the foreground with the hall behind.
27	27.jpg	28.jpg	Begin exactly at the first frame: the black chair close up in the mustard hall. Leave the hall through its exit toward the stairwell, ending exactly at the second frame: the wooden staircase with the tall mirror door beyond it.
28	28.jpg	29.jpg	Begin exactly at the first frame: the stairwell with the mirror door. Move into the yellow private cubicle beside it, ending exactly at the second frame: the yellow cubicle with round mirror, light wood cabinets and its dental chair.
29	29.jpg	30.jpg	Begin exactly at the first frame: the yellow cubicle with the round mirror. Drift across the cubicle, ending exactly at the second frame: the treatment chair seen from its side with the instrument cart.
30	30.jpg	31.jpg	Begin exactly at the first frame: the cubicle chair seen from the side. Glide through to the next private cubicle, ending exactly at the second frame: the next yellow cubicle with its own chair and cabinets.
31	31.jpg	32.jpg	Begin exactly at the first frame: the second yellow cubicle. Drift gently across it, ending exactly at the second frame: the cubicle counter with the round mirror and neatly arranged instruments.
32	32.jpg	33.jpg	Begin exactly at the first frame: the cubicle counter and mirror. Continue into the adjoining cubicle, ending exactly at the second frame: the treatment chair with the ceiling light arm above it.
33	33.jpg	34.jpg	Begin exactly at the first frame: the treatment chair under the light arm. Lower gently toward the instrument tray, ending exactly at the second frame: the close view over the tray and the chair beyond.
34	34.jpg	35.jpg	Begin exactly at the first frame: the close view over the instrument tray. Rise and glide into the next cubicle, ending exactly at the second frame: the cubicle with the dental unit and salmon-red chair detail.
35	35.jpg	36.jpg	Begin exactly at the first frame: the cubicle with the dental unit. Drift onward to the green-walled cubicle, ending exactly at the second frame: the cubicle with the leafy floral wallpaper and dark cabinets.
36	36.jpg	37.jpg	Begin exactly at the first frame: the floral-wall cubicle. Glide out into the bright white treatment room, ending exactly at the second frame: the white room with its dental chair and ceiling light.
37	37.jpg	38.jpg	Begin exactly at the first frame: the white treatment room. Drift across the room, ending exactly at the second frame: the white room seen from the other side with the ceiling light arm over the chair.
38	38.jpg	39.jpg	Begin exactly at the first frame: the white room by the chair. Move toward the glazed corner of the floor, ending exactly at the second frame: the glass-walled meeting room with the round glass table, dark chairs and the city view.
39	39.jpg	40.jpg	Begin exactly at the first frame: the glass meeting room with the round table. Drift along the glass wall, ending exactly at the second frame: the table and chairs seen from the window side with the city outside.
40	40.jpg	41.jpg	Begin exactly at the first frame: the meeting room seen from the window. Leave the room toward radiology, ending exactly at the second frame: the radiology doorway marked with the yellow radiation caution sign beside the green moss wall.
41	41.jpg	42.jpg	Begin exactly at the first frame: the radiology doorway with the caution sign. Enter the radiology area, ending exactly at the second frame: the control desk with monitors, with the white scanner visible at the right.
42	42.jpg	43.jpg	Begin exactly at the first frame: the radiology control desk. Turn toward the scanner room, ending exactly at the second frame: the white CBCT scanner standing against the grey wall with the informational posters at left.
43	43.jpg	44.jpg	Begin exactly at the first frame: the CBCT scanner against the grey wall. Approach the machine slowly, ending exactly at the second frame: the Axeos gantry glowing with magenta light beside the mirror.
44	44.jpg	45.jpg	Begin exactly at the first frame: the glowing Axeos scanner. Glide onward into the digital planning office, ending exactly at the second frame: the desks with monitors, printer and equipment under warm light.
45	45.jpg	46.jpg	Begin exactly at the first frame: the planning office desks. Continue to the milling room, ending exactly at the second frame: the counter with the two inLab milling machines by the window.
46	46.jpg	47.jpg	Begin exactly at the first frame: the two milling machines on the counter. Move close to the nearest unit, ending exactly at the second frame: the macro view of the inLab MC X5 milling chamber glowing inside.
47	47.jpg	48.jpg	Begin exactly at the first frame: the macro of the milling chamber. Rise and turn toward the furnaces, ending exactly at the second frame: the two inLab Profire ceramic furnaces standing on the clean counter.
48	48.jpg	49.jpg	Begin exactly at the first frame: the two ceramic furnaces. Glide out into the grey stone-walled treatment room, ending exactly at the second frame: the grey room with two dental chairs and soft window light.
49	49.jpg	50.jpg	Begin exactly at the first frame: the grey stone treatment room. Drift across the room, ending exactly at the second frame: the treatment chairs seen from the other side with the floral stone wall and cabinets.
50	50.jpg	01.jpg	Begin exactly at the first frame: the grey stone treatment room. Pull back smoothly, the camera drifting out through the bright doorway and emerging outdoors into the evening, ending exactly at the second frame: the wide dusk view of the clinic facade with the Sonrisa sign — the journey ends where it began.
